,event,date,location,event_url
0,UFC Fight Night: Gane vs. Volkov," June 26, 2021"," Las Vegas, Nevada, US",http://ufcstats.com/event-details/a1d6b308781aa2f5
1,UFC Fight Night: Jung vs. Ige," June 19, 2021"," Las Vegas, Nevada, US",http://ufcstats.com/event-details/9ddfb3369a3b0394
2,UFC 263: Adesanya vs. Vettori 2," June 12, 2021"," Glendale, Arizona, US",http://ufcstats.com/event-details/0b64d0fed453ef7f
3,UFC Fight Night: Rozenstruik vs. Sakai," June 05, 2021"," Las Vegas, Nevada, US",http://ufcstats.com/event-details/3b2485c8d5c8b580
4,UFC Fight Night: Font vs. Garbrandt," May 22, 2021"," Las Vegas, Nevada, US",http://ufcstats.com/event-details/277ffed20cf07aea
5,UFC 262: Oliveira vs. Chandler," May 15, 2021"," Houston, Texas, US",http://ufcstats.com/event-details/744f50016c39c26c
6,UFC Fight Night: Rodriguez vs. Waterson," May 08, 2021"," Las Vegas, Nevada, US",http://ufcstats.com/event-details/58a36b4ccf5dc30e
7,UFC Fight Night: Reyes vs. Prochazka," May 01, 2021"," Las Vegas, Nevada, US",http://ufcstats.com/event-details/d57e6a8971b6d2bd
8,UFC 261: Usman vs. Masvidal 2," April 24, 2021"," Jacksonville, Florida, US",http://ufcstats.com/event-details/27541033b97c076d
9,UFC Fight Night: Whittaker vs. Gastelum," April 17, 2021"," Las Vegas, Nevada, US",http://ufcstats.com/event-details/4a35913bd9aa4161
10,UFC Fight Night: Vettori vs. Holland," April 10, 2021"," Las Vegas, Nevada, US",http://ufcstats.com/event-details/9114c8ded5ccd71d
11,UFC 260: Miocic vs. Ngannou," March 27, 2021"," Las Vegas, Nevada, US",http://ufcstats.com/event-details/6597b611f1c32555
12,UFC Fight Night: Brunson vs. Holland," March 20, 2021"," Las Vegas, Nevada, US",http://ufcstats.com/event-details/c36e1f4fa755ffb4
13,UFC Fight Night: Edwards vs. Muhammad," March 13, 2021"," Las Vegas, Nevada, US",http://ufcstats.com/event-details/8c90c1563972e44d
14,UFC 259: Blachowicz vs. Adesanya," March 06, 2021"," Las Vegas, Nevada, US",http://ufcstats.com/event-details/6e2b1d631832921d
15,UFC Fight Night: Rozenstruik vs. Gane," February 27, 2021"," Las Vegas, Nevada, US",http://ufcstats.com/event-details/81b57acd6975ac06
16,UFC Fight Night: Blaydes vs. Lewis," February 20, 2021"," Las Vegas, Nevada, US",http://ufcstats.com/event-details/bfe95ec546692b13
17,UFC 258: Usman vs. Burns," February 13, 2021"," Las Vegas, Nevada, US",http://ufcstats.com/event-details/3f7c14c7eca7195d
18,UFC Fight Night: Overeem vs. Volkov," February 06, 2021"," Las Vegas, Nevada, US",http://ufcstats.com/event-details/a1153013cb5f628f
19,UFC 257: Poirier vs. McGregor," January 23, 2021"," Abu Dhabi, Abu Dhabi, United Arab Emirates",http://ufcstats.com/event-details/4304992c2acc187b
20,UFC Fight Night: Chiesa vs. Magny," January 20, 2021"," Abu Dhabi, Abu Dhabi, United Arab Emirates",http://ufcstats.com/event-details/56116537d71a578c
21,UFC Fight Night: Holloway vs. Kattar," January 16, 2021"," Abu Dhabi, Abu Dhabi, United Arab Emirates",http://ufcstats.com/event-details/307064d3e0f036c2
22,UFC Fight Night: Thompson vs. Neal," December 19, 2020"," Las Vegas, Nevada, US",http://ufcstats.com/event-details/e49c2db95e572dc8
23,UFC 256: Figueiredo vs. Moreno," December 12, 2020"," Las Vegas, Nevada, US",http://ufcstats.com/event-details/d0d43cb9b14f231c
24,UFC Fight Night: Hermansson vs. Vettori," December 05, 2020"," Las Vegas, Nevada, US",http://ufcstats.com/event-details/398b440e73d55b8b
25,UFC Fight Night: Smith vs. Clark," November 28, 2020"," Las Vegas, Nevada, US",http://ufcstats.com/event-details/992c82450d96f726
26,UFC 255: Figueiredo vs. Perez," November 21, 2020"," Las Vegas, Nevada, US",http://ufcstats.com/event-details/bbb15f301e4a490a
27,UFC Fight Night: Felder vs. Dos Anjos," November 14, 2020"," Las Vegas, Nevada, US",http://ufcstats.com/event-details/3bc27ec15facbcf3
28,UFC Fight Night: Santos vs. Teixeira," November 07, 2020"," Las Vegas, Nevada, US",http://ufcstats.com/event-details/41dca66f9dadfc86
29,UFC Fight Night: Hall vs. Silva," October 31, 2020"," Las Vegas, Nevada, US",http://ufcstats.com/event-details/ad044be25c94dcfd
30,UFC 254: Khabib vs. Gaethje," October 24, 2020"," Abu Dhabi, Abu Dhabi, United Arab Emirates",http://ufcstats.com/event-details/c3c38c86f5ab9b5c
31,UFC Fight Night: Ortega vs. The Korean Zombie," October 17, 2020"," Abu Dhabi, Abu Dhabi, United Arab Emirates",http://ufcstats.com/event-details/d4f364dd076bb0e2
32,UFC Fight Night: Moraes vs. Sandhagen," October 10, 2020"," Abu Dhabi, Abu Dhabi, United Arab Emirates",http://ufcstats.com/event-details/fd4578cac86d75ca
33,UFC Fight Night: Holm vs. Aldana," October 03, 2020"," Abu Dhabi, Abu Dhabi, United Arab Emirates",http://ufcstats.com/event-details/805ad1801eb26abb
34,UFC 253: Adesanya vs. Costa," September 26, 2020"," Abu Dhabi, Abu Dhabi, United Arab Emirates",http://ufcstats.com/event-details/e69c5ce12f4e762b
35,UFC Fight Night: Covington vs. Woodley," September 19, 2020"," Las Vegas, Nevada, US",http://ufcstats.com/event-details/831b937811804dad
36,UFC Fight Night: Waterson vs. Hill," September 12, 2020"," Las Vegas, Nevada, US",http://ufcstats.com/event-details/9c37681096c6f3a9
37,UFC Fight Night: Overeem vs. Sakai," September 05, 2020"," Las Vegas, Nevada, US",http://ufcstats.com/event-details/542db012217ecb83
38,UFC Fight Night: Smith vs. Rakic," August 29, 2020"," Las Vegas, Nevada, US",http://ufcstats.com/event-details/e29cf523ebd155c5
39,UFC Fight Night: Munhoz vs. Edgar," August 22, 2020"," Las Vegas, Nevada, US",http://ufcstats.com/event-details/af1e5c64b8663aa0
40,UFC 252: Miocic vs. Cormier 3," August 15, 2020"," Las Vegas, Nevada, US",http://ufcstats.com/event-details/bda04c573563cc2e
41,UFC Fight Night: Lewis vs. Oleinik," August 08, 2020"," Las Vegas, Nevada, US",http://ufcstats.com/event-details/7a82635ffa9b59fe
42,UFC Fight Night: Brunson vs. Shahbazyan," August 01, 2020"," Las Vegas, Nevada, US",http://ufcstats.com/event-details/3746e21bb508391a
43,UFC Fight Night: Whittaker vs. Till," July 25, 2020"," Abu Dhabi, Abu Dhabi, United Arab Emirates",http://ufcstats.com/event-details/dde70a112e053a6c
44,UFC Fight Night: Figueiredo vs. Benavidez 2," July 18, 2020"," Abu Dhabi, Abu Dhabi, United Arab Emirates",http://ufcstats.com/event-details/ddbd0d6259ce57cc
45,UFC Fight Night: Kattar vs. Ige," July 15, 2020"," Abu Dhabi, Abu Dhabi, United Arab Emirates",http://ufcstats.com/event-details/18f5669a92e99d92
46,UFC 251: Usman vs. Masvidal," July 11, 2020"," Abu Dhabi, Abu Dhabi, United Arab Emirates",http://ufcstats.com/event-details/dbd198f780286aca
47,UFC Fight Night: Poirier vs. Hooker," June 27, 2020"," Las Vegas, Nevada, US",http://ufcstats.com/event-details/c32eab6c2119e989
48,UFC Fight Night: Blaydes vs. Volkov," June 20, 2020"," Las Vegas, Nevada, US",http://ufcstats.com/event-details/2eab7a6c8b0ed8cc
49,UFC Fight Night: Eye vs. Calvillo," June 13, 2020"," Las Vegas, Nevada, US",http://ufcstats.com/event-details/1e13936d708bcff7
50,UFC 250: Nunes vs. Spencer," June 06, 2020"," Las Vegas, Nevada, US",http://ufcstats.com/event-details/4c12aa7ca246e7a4
51,UFC Fight Night: Woodley vs. Burns," May 30, 2020"," Las Vegas, Nevada, US",http://ufcstats.com/event-details/14b9e0f2679a2205
52,UFC Fight Night: Overeem vs. Harris," May 16, 2020"," Jacksonville, Florida, US",http://ufcstats.com/event-details/dfb965c9824425db
53,UFC Fight Night: Smith vs. Teixeira," May 13, 2020"," Jacksonville, Florida, US",http://ufcstats.com/event-details/5f8e00c27b7e7410
54,UFC 249: Ferguson vs. Gaethje," May 09, 2020"," Jacksonville, Florida, US",http://ufcstats.com/event-details/898337ef520fe4d3
55,UFC Fight Night: Lee vs. Oliveira," March 14, 2020"," Brasilia, Distrito Federal, Brazil",http://ufcstats.com/event-details/53278852bcd91e11
56,UFC 248: Adesanya vs. Romero," March 07, 2020"," Las Vegas, Nevada, US",http://ufcstats.com/event-details/0b5b6876c2a4723f
57,UFC Fight Night: Benavidez vs. Figueiredo," February 29, 2020"," Norfolk, Virginia, US",http://ufcstats.com/event-details/fc9a9559a05f2704
58,UFC Fight Night: Felder vs. Hooker," February 22, 2020"," Auckland, New Zealand",http://ufcstats.com/event-details/33b2f68ef95252e0
59,UFC Fight Night: Anderson vs. Blachowicz," February 15, 2020"," Rio Rancho, New Mexico, US",http://ufcstats.com/event-details/5df17b3620145578
60,UFC 247: Jones vs. Reyes," February 08, 2020"," Houston, Texas, US",http://ufcstats.com/event-details/b26d3e3746fb4024
61,UFC Fight Night: Blaydes vs. Dos Santos," January 25, 2020"," Raleigh, North Carolina, US",http://ufcstats.com/event-details/44aa652b181bcf68
62,UFC 246: McGregor vs. Cowboy," January 18, 2020"," Las Vegas, Nevada, US",http://ufcstats.com/event-details/0c1773639c795466
63,UFC Fight Night: Edgar vs. The Korean Zombie," December 21, 2019"," Busan, South Korea",http://ufcstats.com/event-details/74fefd43f073cd2f
64,UFC 245: Usman vs. Covington," December 14, 2019"," Las Vegas, Nevada, US",http://ufcstats.com/event-details/4565d435005319c0
65,UFC Fight Night: Overeem vs. Rozenstruik," December 07, 2019"," Washington, DC, US",http://ufcstats.com/event-details/b09890ba7ce1d1e2
66,UFC Fight Night: Blachowicz vs. Jacare," November 16, 2019"," Sao Paulo, Sao Paulo, Brazil",http://ufcstats.com/event-details/81ca2c245b19b3c5
67,UFC Fight Night: Zabit vs. Kattar," November 09, 2019"," Moscow, Moscow, Russia",http://ufcstats.com/event-details/8d5daf67983b65ba
68,UFC 244: Masvidal vs. Diaz," November 02, 2019"," New York City, New York, US",http://ufcstats.com/event-details/fd87b1bbfcde9d5e
69,UFC Fight Night: Maia vs. Askren," October 26, 2019"," Kallang, Singapore",http://ufcstats.com/event-details/df05aa15b2d66f57
70,UFC Fight Night: Reyes vs. Weidman," October 18, 2019"," Boston, Massachusetts, US",http://ufcstats.com/event-details/3ae10ac4df3df05c
71,UFC Fight Night: Joanna vs. Waterson," October 12, 2019"," Tampa, Florida, US",http://ufcstats.com/event-details/0941df56f6ac954b
72,UFC 243: Whittaker vs. Adesanya," October 05, 2019"," Melbourne, Victoria, Australia",http://ufcstats.com/event-details/3cf68c1d17f66af7
73,UFC Fight Night: Hermansson vs. Cannonier," September 28, 2019"," Copenhagen, Denmark",http://ufcstats.com/event-details/1bf49bf829964144
74,UFC Fight Night: Rodriguez vs. Stephens," September 21, 2019"," Mexico City, Distrito Federal, Mexico",http://ufcstats.com/event-details/94a5aaf573f780ad
75,UFC Fight Night: Cowboy vs. Gaethje," September 14, 2019"," Vancouver, British Columbia, Canada",http://ufcstats.com/event-details/4834ff149dc9542a
76,UFC 242: Khabib vs. Poirier," September 07, 2019"," Abu Dhabi, Abu Dhabi, United Arab Emirates",http://ufcstats.com/event-details/a79bfbc01b2264d6
77,UFC Fight Night: Andrade vs. Zhang," August 31, 2019"," Shenzhen, Guangdong, China",http://ufcstats.com/event-details/2c104b7e59a72629
78,UFC 241: Cormier vs. Miocic 2," August 17, 2019"," Anaheim, California, US",http://ufcstats.com/event-details/70167689d6a01793
79,UFC Fight Night: Shevchenko vs. Carmouche 2," August 10, 2019"," Montevideo, Uruguay",http://ufcstats.com/event-details/e5d03e4d966126bd
80,UFC Fight Night: Covington vs. Lawler," August 03, 2019"," Newark, New Jersey, US",http://ufcstats.com/event-details/03da33a102d9a45f
81,UFC 240: Holloway vs. Edgar," July 27, 2019"," Edmonton, Alberta, Canada",http://ufcstats.com/event-details/abcf7e55a0a9ed89
82,UFC Fight Night: Dos Anjos vs. Edwards," July 20, 2019"," San Antonio, Texas, US",http://ufcstats.com/event-details/9e0f28d1f639ad73
83,UFC Fight Night: De Randamie vs. Ladd," July 13, 2019"," Sacramento, California, US",http://ufcstats.com/event-details/2f8f3c69522db931
84,UFC 239: Jones vs. Santos," July 06, 2019"," Las Vegas, Nevada, US",http://ufcstats.com/event-details/6c9383ffab2725a5
85,UFC Fight Night: Ngannou vs. Dos Santos," June 29, 2019"," Minneapolis, Minnesota, US",http://ufcstats.com/event-details/c0c1bc0766df4c00
86,UFC Fight Night: Moicano vs. The Korean Zombie," June 22, 2019"," Greenville, South Carolina, US",http://ufcstats.com/event-details/b16a7e6a627e9789
87,UFC 238: Cejudo vs. Moraes," June 08, 2019"," Chicago, Illinois, US",http://ufcstats.com/event-details/e31502e3f79d00c5
88,UFC Fight Night: Gustafsson vs. Smith," June 01, 2019"," Stockholm, Sweden",http://ufcstats.com/event-details/cbc071cb20ea59c7
89,UFC Fight Night: Dos Anjos vs. Lee," May 18, 2019"," Rochester, New York, US",http://ufcstats.com/event-details/6b8f28da9a483049
90,UFC 237: Namajunas vs. Andrade," May 11, 2019"," Rio de Janeiro, Rio de Janeiro, Brazil",http://ufcstats.com/event-details/9de7c97e1c0d7927
91,UFC Fight Night: Iaquinta vs. Cowboy," May 04, 2019"," Ottawa, Ontario, Canada",http://ufcstats.com/event-details/351264d11286d09a
92,UFC Fight Night: Jacare vs. Hermansson," April 27, 2019"," Sunrise, Florida, US",http://ufcstats.com/event-details/c912f676692c353a
93,UFC Fight Night: Overeem vs. Oleinik," April 20, 2019"," Saint Petersburg, Saint Petersburg, Russia",http://ufcstats.com/event-details/7dcf06c1967801c1
94,UFC 236: Holloway vs. Poirier 2," April 13, 2019"," Atlanta, Georgia, US",http://ufcstats.com/event-details/b0550072e5f0afa7
95,UFC Fight Night: Barboza vs. Gaethje," March 30, 2019"," Philadelphia, Pennsylvania, US",http://ufcstats.com/event-details/9649d75defe0dedb
96,UFC Fight Night: Thompson vs. Pettis," March 23, 2019"," Nashville, Tennessee, US",http://ufcstats.com/event-details/487c170da059857d
97,UFC Fight Night: Till vs. Masvidal," March 16, 2019"," London, England, United Kingdom",http://ufcstats.com/event-details/80eacd4da0617c57
98,UFC Fight Night: Lewis vs. Dos Santos," March 09, 2019"," Wichita, Kansas, US",http://ufcstats.com/event-details/e96d8538d3f9d0ed
99,UFC 235: Jones vs. Smith," March 02, 2019"," Las Vegas, Nevada, US",http://ufcstats.com/event-details/2d5fbe2103f97053
100,UFC Fight Night: Blachowicz vs. Santos," February 23, 2019"," Prague, Czech Republic",http://ufcstats.com/event-details/6546af7ab545b90c
101,UFC Fight Night: Ngannou vs. Velasquez," February 17, 2019"," Phoenix, Arizona, US",http://ufcstats.com/event-details/a7a79b8efbceaaac
102,UFC 234: Adesanya vs. Silva," February 09, 2019"," Melbourne, Victoria, Australia",http://ufcstats.com/event-details/b5882371e2a3900d
103,UFC Fight Night: Assuncao vs. Moraes 2," February 02, 2019"," Fortaleza, Ceara, Brazil",http://ufcstats.com/event-details/84283233ec42be5f
104,UFC Fight Night: Cejudo vs. Dillashaw," January 19, 2019"," Brooklyn, New York, US",http://ufcstats.com/event-details/d4da8995fc91e7ef
105,UFC 232: Jones vs. Gustafsson 2," December 29, 2018"," Los Angeles, California, US",http://ufcstats.com/event-details/c046100aea0dba9a
106,UFC Fight Night: Lee vs. Iaquinta," December 15, 2018"," Milwaukee, Wisconsin, US",http://ufcstats.com/event-details/7a703c565ccaa18f
107,UFC 231: Holloway vs. Ortega," December 08, 2018"," Toronto, Ontario, Canada",http://ufcstats.com/event-details/2a74bbba57058f12
108,UFC Fight Night: Dos Santos vs. Tuivasa," December 01, 2018"," Adelaide, South Australia, Australia",http://ufcstats.com/event-details/d1d20e651e6cbc02
109,The Ultimate Fighter: Heavy Hitters Finale," November 30, 2018"," Las Vegas, Nevada, US",http://ufcstats.com/event-details/c7ac79839e86ce33
110,UFC Fight Night: Blaydes vs. Ngannou 2," November 24, 2018"," Beijing, China",http://ufcstats.com/event-details/de25520d54eab12d
111,UFC Fight Night: Magny vs. Ponzinibbio," November 17, 2018"," Buenos Aires, Buenos Aires, Argentina",http://ufcstats.com/event-details/aa3153a9941b4d44
112,UFC Fight Night: Korean Zombie vs. Rodriguez," November 10, 2018"," Denver, Colorado, US",http://ufcstats.com/event-details/42c96a9c4802e2e1
113,UFC 230: Cormier vs. Lewis," November 03, 2018"," New York City, New York, US",http://ufcstats.com/event-details/20821819c401ced8
114,UFC Fight Night: Oezdemir vs. Smith," October 27, 2018"," Moncton, New Brunswick, Canada",http://ufcstats.com/event-details/33a331684283900f
115,UFC 229: Khabib vs. McGregor," October 06, 2018"," Las Vegas, Nevada, US",http://ufcstats.com/event-details/1ef0eae31904e534
116,UFC Fight Night: Marreta vs. Anders," September 22, 2018"," Sao Paulo, Sao Paulo, Brazil",http://ufcstats.com/event-details/852454c572675334
117,UFC Fight Night: Hunt vs. Oleinik," September 15, 2018"," Moscow, Moscow, Russia",http://ufcstats.com/event-details/8d49545dadf9b919
118,UFC 228: Woodley vs. Till," September 08, 2018"," Dallas, Texas, US",http://ufcstats.com/event-details/d5ae8074631762fc
119,UFC Fight Night: Gaethje vs. Vick," August 25, 2018"," Lincoln, Nebraska, US",http://ufcstats.com/event-details/c0342805a1948cbb
120,UFC 227: Dillashaw vs. Garbrandt 2," August 04, 2018"," Los Angeles, California, US",http://ufcstats.com/event-details/03b1e846b09f721d
121,UFC Fight Night: Alvarez vs. Poirier 2," July 28, 2018"," Calgary, Alberta, Canada",http://ufcstats.com/event-details/322a56923b396b4d
122,UFC Fight Night: Shogun vs. Smith," July 22, 2018"," Hamburg, Hamburg, Germany",http://ufcstats.com/event-details/4f732e58ed907eff
123,UFC Fight Night: Dos Santos vs. Ivanov," July 14, 2018"," Boise, Idaho, US",http://ufcstats.com/event-details/b45d6b73f4ca4467
124,UFC 226: Miocic vs. Cormier," July 07, 2018"," Las Vegas, Nevada, US",http://ufcstats.com/event-details/35585d970300d45a
125,The Ultimate Fighter: Undefeated Finale," July 06, 2018"," Las Vegas, Nevada, US",http://ufcstats.com/event-details/8215e4fe24e8e81b
126,UFC Fight Night: Cowboy vs. Edwards," June 23, 2018"," Kallang, Singapore",http://ufcstats.com/event-details/ac5f67109accb482
127,UFC 225: Whittaker vs. Romero 2," June 09, 2018"," Chicago, Illinois, US",http://ufcstats.com/event-details/2eae41f61776c60f
128,UFC Fight Night: Rivera vs. Moraes," June 01, 2018"," Utica, New York, US",http://ufcstats.com/event-details/d29b5c4f22c6357d
129,UFC Fight Night: Thompson vs. Till," May 27, 2018"," Liverpool, England, United Kingdom",http://ufcstats.com/event-details/f5990c11974d8e9c
130,UFC Fight Night: Maia vs. Usman," May 19, 2018"," Santiago, Chile",http://ufcstats.com/event-details/3144121470023e9a
131,UFC 224: Nunes vs. Pennington," May 12, 2018"," Rio de Janeiro, Rio de Janeiro, Brazil",http://ufcstats.com/event-details/67ec58d7cf599835
132,UFC Fight Night: Barboza vs. Lee," April 21, 2018"," Atlantic City, New Jersey, US",http://ufcstats.com/event-details/ad99fa5325519169
133,UFC Fight Night: Poirier vs. Gaethje," April 14, 2018"," Glendale, Arizona, US",http://ufcstats.com/event-details/620be7e0712d431b
134,UFC 223: Khabib vs. Iaquinta," April 07, 2018"," Brooklyn, New York, US",http://ufcstats.com/event-details/49e7e05f902479ca
135,UFC Fight Night: Werdum vs. Volkov," March 17, 2018"," London, England, United Kingdom",http://ufcstats.com/event-details/eed2b71d77d95416
136,UFC 222: Cyborg vs. Kunitskaya," March 03, 2018"," Las Vegas, Nevada, US",http://ufcstats.com/event-details/7929be8290289a47
137,UFC Fight Night: Emmett vs. Stephens," February 24, 2018"," Orlando, Florida, US",http://ufcstats.com/event-details/daa89f01e1c0f42a
138,UFC Fight Night: Cerrone vs. Medeiros," February 18, 2018"," Austin, Texas, US",http://ufcstats.com/event-details/d181689653115b6a
139,UFC 221: Romero vs. Rockhold," February 10, 2018"," Perth, Western Australia, Australia",http://ufcstats.com/event-details/15515e797aedc137
140,UFC Fight Night: Machida vs. Anders," February 03, 2018"," Belem, Para, Brazil",http://ufcstats.com/event-details/7cf20446453f852b
141,UFC Fight Night: Jacare vs. Brunson 2," January 27, 2018"," Charlotte, North Carolina, US",http://ufcstats.com/event-details/602bb270f2bdbf02
142,UFC 220: Miocic vs. Ngannou," January 20, 2018"," Boston, Massachusetts, US",http://ufcstats.com/event-details/02177caefe7c07d4
143,UFC Fight Night: Stephens vs. Choi," January 14, 2018"," St. Louis, Missouri, US",http://ufcstats.com/event-details/fc1868f56d3036eb
144,UFC 219: Cyborg vs. Holm," December 30, 2017"," Las Vegas, Nevada, US",http://ufcstats.com/event-details/04076783ca83d6ae
145,UFC Fight Night: Lawler vs. Dos Anjos," December 16, 2017"," Winnipeg, Manitoba, Canada",http://ufcstats.com/event-details/eaa0a728cc91ef60
146,UFC Fight Night: Swanson vs. Ortega," December 09, 2017"," Fresno, California, US",http://ufcstats.com/event-details/bcd124bcd3d5be46
147,UFC 218: Holloway vs. Aldo 2," December 02, 2017"," Detroit, Michigan, US",http://ufcstats.com/event-details/9e30f69cc0869301
148,The Ultimate Fighter: A New World Champion Finale," December 01, 2017"," Las Vegas, Nevada, US",http://ufcstats.com/event-details/30e8b4505f5ccf92
149,UFC Fight Night: Bisping vs. Gastelum," November 25, 2017"," Shanghai, Hebei, China",http://ufcstats.com/event-details/e7bc606d269896aa
150,UFC Fight Night: Werdum vs. Tybura," November 18, 2017"," Sydney, New South Wales, Australia",http://ufcstats.com/event-details/caced97768818230
151,UFC Fight Night: Poirier vs. Pettis," November 11, 2017"," Norfolk, Virginia, US",http://ufcstats.com/event-details/d856a0080ac09ed7
152,UFC 217: Bisping vs. St-Pierre," November 04, 2017"," New York City, New York, US",http://ufcstats.com/event-details/a25b71fe5e31fa97
153,UFC Fight Night: Brunson vs. Machida," October 28, 2017"," Sao Paulo, Sao Paulo, Brazil",http://ufcstats.com/event-details/a7724f51e32e763e
154,UFC Fight Night: Cerrone vs. Till," October 21, 2017"," Gdansk, Poland",http://ufcstats.com/event-details/d6b68eaf4b68b160
155,UFC 216: Ferguson vs. Lee," October 07, 2017"," Las Vegas, Nevada, US",http://ufcstats.com/event-details/cc5834a495d1ea08
156,UFC Fight Night: Saint Preux vs. Okami," September 22, 2017"," Saitama, Saitama, Japan",http://ufcstats.com/event-details/9211aae062b799d6
157,UFC Fight Night: Rockhold vs. Branch," September 16, 2017"," Pittsburgh, Pennsylvania, US",http://ufcstats.com/event-details/1979c80150f630c4
158,UFC 215: Nunes vs Shevchenko 2," September 09, 2017"," Edmonton, Alberta, Canada",http://ufcstats.com/event-details/d86e913c548c07c2
159,UFC Fight Night: Volkov vs. Struve," September 02, 2017"," Rotterdam, Zuid-Holland, Netherlands",http://ufcstats.com/event-details/a3244e3238541482
160,UFC Fight Night: Pettis vs. Moreno," August 05, 2017"," Mexico City, Distrito Federal, Mexico",http://ufcstats.com/event-details/f4a031ac205ac580
161,UFC 214: Cormier vs. Jones 2," July 29, 2017"," Anaheim, California, US",http://ufcstats.com/event-details/ff9578cdbfabd323
162,UFC Fight Night: Weidman vs. Gastelum," July 22, 2017"," Uniondale, New York, US",http://ufcstats.com/event-details/9f3d6ddef3d3cccc
163,UFC Fight Night: Nelson vs. Ponzinibbio," July 16, 2017"," Glasgow, Scotland, United Kingdom",http://ufcstats.com/event-details/d7907a9a968e4d29
164,UFC 213: Romero vs. Whittaker," July 08, 2017"," Las Vegas, Nevada, US",http://ufcstats.com/event-details/686cccbf1a4de453
165,The Ultimate Fighter: Redemption Finale," July 07, 2017"," Las Vegas, Nevada, US",http://ufcstats.com/event-details/23bd78c3f89bdb54
166,UFC Fight Night: Chiesa vs. Lee," June 25, 2017"," Oklahoma City, Oklahoma, US",http://ufcstats.com/event-details/99bf06f20491cb54
167,UFC Fight Night: Holm vs. Correia," June 17, 2017"," Kallang, Singapore",http://ufcstats.com/event-details/353de740bb6c7e75
168,UFC Fight Night: Lewis vs. Hunt," June 10, 2017"," Auckland, New Zealand",http://ufcstats.com/event-details/90e7447d8b7f3f35
169,UFC 212: Aldo vs. Holloway," June 03, 2017"," Rio de Janeiro, Rio de Janeiro, Brazil",http://ufcstats.com/event-details/1507214bbc7a79e2
170,UFC Fight Night: Gustafsson vs. Teixeira," May 28, 2017"," Stockholm, Sweden",http://ufcstats.com/event-details/1c7cce2f5c17160d
171,UFC 211: Miocic vs. Dos Santos," May 13, 2017"," Dallas, Texas, US",http://ufcstats.com/event-details/5df10509264586e5
172,UFC Fight Night: Swanson vs. Lobov," April 22, 2017"," Nashville, Tennessee, US",http://ufcstats.com/event-details/bc7f7f0ba3db74d2
173,UFC on FOX: Johnson vs. Reis," April 15, 2017"," Kansas City, Missouri, US",http://ufcstats.com/event-details/ed069a95aaaf4f56
174,UFC 210: Cormier vs. Johnson 2," April 08, 2017"," Buffalo, New York, US",http://ufcstats.com/event-details/e7bfdb5e0112891e
175,UFC Fight Night: Manuwa vs. Anderson," March 18, 2017"," London, England, United Kingdom",http://ufcstats.com/event-details/c0231720fe516994
176,UFC Fight Night: Belfort vs. Gastelum," March 11, 2017"," Fortaleza, Ceara, Brazil",http://ufcstats.com/event-details/47b7e4e60813b7b2
177,UFC 209: Woodley vs. Thompson 2," March 04, 2017"," Las Vegas, Nevada, US",http://ufcstats.com/event-details/20e403a1acfef130
178,UFC Fight Night: Lewis vs. Browne," February 19, 2017"," Halifax, Nova Scotia, Canada",http://ufcstats.com/event-details/b4ad3a06ee4d660c
179,UFC 208: Holm vs. De Randamie," February 11, 2017"," Brooklyn, New York, US",http://ufcstats.com/event-details/865aa315ea62c511
180,UFC Fight Night: Bermudez vs. The Korean Zombie," February 04, 2017"," Houston, Texas, US",http://ufcstats.com/event-details/6a8a06b542e1516d
181,UFC on FOX: Shevchenko vs. Pena," January 28, 2017"," Denver, Colorado, US",http://ufcstats.com/event-details/4512e46543b960ad
182,UFC Fight Night: Rodriguez vs. Penn," January 15, 2017"," Phoenix, Arizona, US",http://ufcstats.com/event-details/46effbd1135423c5
183,UFC 207: Nunes vs. Rousey," December 30, 2016"," Las Vegas, Nevada, US",http://ufcstats.com/event-details/4b2390cfaceb91d8
184,UFC on FOX: VanZant vs. Waterson," December 17, 2016"," Sacramento, California, US",http://ufcstats.com/event-details/32541eb5d12668b4
185,UFC 206: Holloway vs. Pettis," December 10, 2016"," Toronto, Ontario, Canada",http://ufcstats.com/event-details/6e3282d57d2467a0
186,UFC Fight Night: Lewis vs. Abdurakhimov," December 09, 2016"," Albany, New York, US",http://ufcstats.com/event-details/7139cd2ae4bf6a29
187,The Ultimate Fighter: Tournament of Champions Finale," December 03, 2016"," Las Vegas, Nevada, US",http://ufcstats.com/event-details/bd4389b71fdc0ce2
188,UFC Fight Night: Whittaker vs. Brunson," November 26, 2016"," Melbourne, Victoria, Australia",http://ufcstats.com/event-details/73e09f837f3b5ecc
189,UFC Fight Night: Bader vs. Nogueira," November 19, 2016"," Sao Paulo, Sao Paulo, Brazil",http://ufcstats.com/event-details/5cde96e0a1a1fffe
190,UFC Fight Night: Mousasi vs. Hall 2," November 19, 2016"," Belfast, Northern Ireland, United Kingdom",http://ufcstats.com/event-details/6810d8d2dd557cf9
191,UFC 205: Alvarez vs McGregor," November 12, 2016"," New York City, New York, US",http://ufcstats.com/event-details/4956f60b7fa57c1a
192,UFC Fight Night: Dos Anjos vs. Ferguson," November 05, 2016"," Mexico City, Distrito Federal, Mexico",http://ufcstats.com/event-details/6083f497c22cc075
193,UFC 204: Bisping vs. Henderson," October 08, 2016"," Manchester, England, United Kingdom",http://ufcstats.com/event-details/154a6b3ffae264cd
194,UFC Fight Night: Lineker vs. Dodson," October 01, 2016"," Portland, Oregon, US",http://ufcstats.com/event-details/a196332ee4aa8a82
195,UFC Fight Night: Cyborg vs. Lansberg," September 24, 2016"," Brasilia, Distrito Federal, Brazil",http://ufcstats.com/event-details/e18012194473e8b0
196,UFC Fight Night: Poirier vs. Johnson," September 17, 2016"," Hidalgo, Texas, US",http://ufcstats.com/event-details/d6455cb4bee503ce
197,UFC 203: Miocic vs. Overeem," September 10, 2016"," Cleveland, Ohio, US",http://ufcstats.com/event-details/2dc7f1762dc0a7ef
198,UFC Fight Night: Arlovski vs. Barnett," September 03, 2016"," Hamburg, Hamburg, Germany",http://ufcstats.com/event-details/2b4faacc16d66898
199,UFC on FOX: Maia vs. Condit," August 27, 2016"," Vancouver, British Columbia, Canada",http://ufcstats.com/event-details/cfbccfed4e4796fe
200,UFC 202: Diaz vs. McGregor 2," August 20, 2016"," Las Vegas, Nevada, US",http://ufcstats.com/event-details/5da4e8dc02e50ac0
201,UFC Fight Night: Rodriguez vs. Caceres," August 06, 2016"," Salt Lake City, Utah, US",http://ufcstats.com/event-details/232c582f29f8f65e
202,UFC 201: Lawler vs. Woodley," July 30, 2016"," Atlanta, Georgia, US",http://ufcstats.com/event-details/72cbe507644a587c
203,UFC on FOX: Holm vs. Shevchenko," July 23, 2016"," Chicago, Illinois, US",http://ufcstats.com/event-details/8a028648f3f0761d
204,UFC Fight Night: McDonald vs. Lineker," July 13, 2016"," Sioux Falls, South Dakota, US",http://ufcstats.com/event-details/5e7a28f20927d64a
205,UFC 200: Tate vs Nunes," July 09, 2016"," Las Vegas, Nevada, US",http://ufcstats.com/event-details/aa5b4eff51bdc7d1
206,The Ultimate Fighter: Team Joanna vs. Team Cláudia Finale," July 08, 2016"," Las Vegas, Nevada, US",http://ufcstats.com/event-details/cd42bbe8887bba90
207,UFC Fight Night: Dos Anjos vs. Alvarez," July 07, 2016"," Las Vegas, Nevada, US",http://ufcstats.com/event-details/45a2ba3ef82b9700
208,UFC Fight Night: MacDonald vs Thompson," June 18, 2016"," Ottawa, Ontario, Canada",http://ufcstats.com/event-details/563d051c9e769b24
209,UFC 199: Rockhold vs. Bisping 2," June 04, 2016"," Los Angeles, California, US",http://ufcstats.com/event-details/ff4c3ab594c7fac3
210,UFC Fight Night: Almeida vs Garbrandt," May 29, 2016"," Las Vegas, Nevada, US",http://ufcstats.com/event-details/990060b2a68a7b82
211,UFC 198: Werdum vs Miocic," May 14, 2016"," Curitiba, Parana, Brazil",http://ufcstats.com/event-details/a4bf17bd3ba3423b
212,UFC Fight Night: Overeem vs Arlovski," May 08, 2016"," Rotterdam, Zuid-Holland, Netherlands",http://ufcstats.com/event-details/a314687f372b2cec
213,UFC 197: Jones vs Saint Preux," April 23, 2016"," Las Vegas, Nevada, US",http://ufcstats.com/event-details/3d481aa374c954a1
214,UFC on FOX: Teixeira vs Evans," April 16, 2016"," Tampa, Florida, US",http://ufcstats.com/event-details/e7e970d508529bf3
215,UFC Fight Night: Rothwell vs Dos Santos," April 10, 2016"," Zagreb, Croatia",http://ufcstats.com/event-details/4887e5bc4dbb73ff
216,UFC Fight Night: Hunt vs Mir," March 19, 2016"," Brisbane, Queensland, Australia",http://ufcstats.com/event-details/e60201cfab7d656d
217,UFC 196: McGregor vs Diaz," March 05, 2016"," Las Vegas, Nevada, US",http://ufcstats.com/event-details/db1f2ed63b54b9a7
218,UFC Fight Night: Silva vs Bisping," February 27, 2016"," London, England, United Kingdom",http://ufcstats.com/event-details/39c568f8c579913e
219,UFC Fight Night: Cowboy vs Cowboy," February 21, 2016"," Pittsburgh, Pennsylvania, US",http://ufcstats.com/event-details/d56bb6dff2ae77eb
220,UFC Fight Night: Hendricks vs Thompson," February 06, 2016"," Las Vegas, Nevada, US",http://ufcstats.com/event-details/de99da2c0d18d34a
221,UFC on FOX: Johnson vs. Bader," January 30, 2016"," Newark, New Jersey, US",http://ufcstats.com/event-details/b3fb8d2293e17a59
222,UFC Fight Night: Dillashaw vs Cruz," January 17, 2016"," Boston, Massachusetts, US",http://ufcstats.com/event-details/c6becb722706c7d8
223,UFC 195: Lawler vs Condit," January 02, 2016"," Las Vegas, Nevada, US",http://ufcstats.com/event-details/380e8b023290d091
224,UFC on FOX: Dos Anjos vs. Cowboy 2," December 19, 2015"," Orlando, Florida, US",http://ufcstats.com/event-details/80d918336163b80c
225,UFC 194: Aldo vs McGregor," December 12, 2015"," Las Vegas, Nevada, US",http://ufcstats.com/event-details/354808cf38d9d73c
226,The Ultimate Fighter: Team McGregor vs. Team Faber Finale," December 11, 2015"," Las Vegas, Nevada, US",http://ufcstats.com/event-details/20fbff570c678e1c
227,UFC Fight Night: Namajunas vs. VanZant," December 10, 2015"," Las Vegas, Nevada, US",http://ufcstats.com/event-details/dd39f1ca787a3d9d
228,UFC Fight Night: Henderson vs Masvidal," November 28, 2015"," Seoul, South Korea",http://ufcstats.com/event-details/4d636c3aa1105950
229,UFC Fight Night: Magny vs Gastelum," November 21, 2015"," Monterrey, Nuevo Leon, Mexico",http://ufcstats.com/event-details/243b07fc65ccbb16
230,UFC 193: Rousey vs Holm," November 14, 2015"," Melbourne, Victoria, Australia",http://ufcstats.com/event-details/8d04923f2db59b7f
231,UFC Fight Night: Belfort vs Henderson 3," November 07, 2015"," Sao Paulo, Sao Paulo, Brazil",http://ufcstats.com/event-details/5345f86680378fc1
232,UFC Fight Night: Holohan vs Smolka," October 24, 2015"," Dublin, Leinster, Ireland",http://ufcstats.com/event-details/f3155a94ca420126
233,UFC 192: Cormier vs Gustafsson," October 03, 2015"," Houston, Texas, US",http://ufcstats.com/event-details/119ebea97e914dcf
234,UFC Fight Night: Barnett vs Nelson," September 26, 2015"," Saitama, Japan",http://ufcstats.com/event-details/a4dd5c9a75763295
235,UFC 191: Johnson vs Dodson 2," September 05, 2015"," Las Vegas, Nevada, US",http://ufcstats.com/event-details/82f5c81f4e3c3eb5
236,UFC Fight Night: Holloway vs Oliveira," August 23, 2015"," Saskatoon, Saskatchewan, Canada",http://ufcstats.com/event-details/2ce6541127b0e232
237,UFC Fight Night: Teixeira vs Saint Preux," August 08, 2015"," Nashville, Tennessee, US",http://ufcstats.com/event-details/b71667c778b6d9e5
238,UFC 190: Rousey vs Correia," August 01, 2015"," Rio de Janeiro, Rio de Janeiro, Brazil",http://ufcstats.com/event-details/a9c45a8b21eabadc
239,UFC on FOX: Dillashaw vs. Barao II," July 25, 2015"," Chicago, Illinois, US",http://ufcstats.com/event-details/0c3838c8f7c620c2
240,UFC Fight Night: Bisping vs Leites," July 18, 2015"," Glasgow, Scotland, United Kingdom",http://ufcstats.com/event-details/ef7fa30364cbe7f2
241,UFC Fight Night: Mir vs Duffee," July 15, 2015"," San Diego, California, US",http://ufcstats.com/event-details/36877f0e62b25b96
242,The Ultimate Fighter: American Top Team vs. Blackzilians Finale," July 12, 2015"," Las Vegas, Nevada, US",http://ufcstats.com/event-details/a890f9a791ed615d
243,UFC 189: Mendes vs McGregor," July 11, 2015"," Las Vegas, Nevada, US",http://ufcstats.com/event-details/3be081c29bf734d9
244,UFC Fight Night: Machida vs Romero," June 27, 2015"," Hollywood, Florida, US",http://ufcstats.com/event-details/86e388ed20761ad9
245,UFC Fight Night: Jedrzejczyk vs Penne," June 20, 2015"," Berlin, Berlin, Germany",http://ufcstats.com/event-details/194fc025f9355db6
246,UFC 188: Velasquez vs Werdum," June 13, 2015"," Mexico City, Distrito Federal, Mexico",http://ufcstats.com/event-details/a58114c6dd0add64
247,UFC Fight Night: Boetsch vs Henderson," June 06, 2015"," New Orleans, Louisiana, US",http://ufcstats.com/event-details/06dc1a58663579d2
248,UFC Fight Night: Condit vs Alves," May 30, 2015"," Goiania, Goias, Brazil",http://ufcstats.com/event-details/aae0897825336b1a
249,UFC 187: Johnson vs Cormier," May 23, 2015"," Las Vegas, Nevada, US",http://ufcstats.com/event-details/4f7e290e71d60f87
250,UFC Fight Night: Edgar vs Faber," May 16, 2015"," Manila, Philippines",http://ufcstats.com/event-details/b1605ea39fba6af6
251,UFC Fight Night: Miocic vs Hunt," May 09, 2015"," Adelaide, South Australia, Australia",http://ufcstats.com/event-details/8a1b4330c7957961
252,UFC 186: Johnson vs Horiguchi," April 25, 2015"," Montreal, Quebec, Canada",http://ufcstats.com/event-details/997b4f52f76a0b53
253,UFC on FOX: Machida vs Rockhold," April 18, 2015"," Newark, New Jersey, US",http://ufcstats.com/event-details/bc7cf284c1c2f16e
254,UFC Fight Night: Gonzaga vs Cro Cop 2," April 11, 2015"," Krakow, Poland",http://ufcstats.com/event-details/5de61b03868035ff
255,UFC Fight Night: Mendes vs Lamas," April 04, 2015"," Fairfax, Virginia, US",http://ufcstats.com/event-details/16d09e800ad7ec79
256,UFC Fight Night: Maia vs LaFlare," March 21, 2015"," Rio de Janeiro, Brazil",http://ufcstats.com/event-details/fa534853eb195270
257,UFC 185: Pettis vs Dos Anjos," March 14, 2015"," Dallas, Texas, US",http://ufcstats.com/event-details/f54200f1dfb9b5d4
258,UFC 184: Rousey vs Zingano," February 28, 2015"," Los Angeles, California, US",http://ufcstats.com/event-details/ad4e9055bf8cd04d
259,UFC Fight Night: Bigfoot vs Mir," February 22, 2015"," Porto Alegre, Rio Grande do Sul, Brazil",http://ufcstats.com/event-details/0577808d22dfe79c
260,UFC Fight Night: Henderson vs Thatch," February 14, 2015"," Broomfield, Colorado, US",http://ufcstats.com/event-details/f9c7fe2682af3802
261,UFC 183: Silva vs Diaz," January 31, 2015"," Las Vegas, Nevada, US",http://ufcstats.com/event-details/43563a32c3f10e95
262,UFC on FOX: Gustafsson vs Johnson," January 24, 2015"," Stockholm, Sweden",http://ufcstats.com/event-details/706404da0775dcbc
263,UFC Fight Night: McGregor vs Siver," January 18, 2015"," Boston, Massachusetts, US",http://ufcstats.com/event-details/f9aa6376ae16bfb4
264,UFC 182: Jones vs Cormier," January 03, 2015"," Las Vegas, Nevada, US",http://ufcstats.com/event-details/a72d260b436924c4
265,UFC Fight Night: Machida vs Dollaway," December 20, 2014"," Barueri, Sao Paulo, Brazil",http://ufcstats.com/event-details/4e5bbc4566049cbf
266,UFC on FOX: Dos Santos vs Miocic," December 13, 2014"," Phoenix, Arizona, US",http://ufcstats.com/event-details/d4a12dfa4067742f
267,The Ultimate Fighter: A Champion Will Be Crowned Finale," December 12, 2014"," Las Vegas, Nevada, US",http://ufcstats.com/event-details/222d6b547de2e035
268,UFC 181: Hendricks vs Lawler II," December 06, 2014"," Las Vegas, Nevada, US",http://ufcstats.com/event-details/dfdd0c5dd0d4bc23
269,UFC Fight Night: Edgar vs Swanson," November 22, 2014"," Austin, Texas, US",http://ufcstats.com/event-details/155a02a8b4311057
270,UFC 180: Werdum vs Hunt," November 15, 2014"," Mexico City, Distrito Federal, Mexico",http://ufcstats.com/event-details/59851163aaf1aed8
271,UFC Fight Night 56: Shogun vs Saint Preux," November 08, 2014"," Uberlandia, Minas Gerais, Brazil",http://ufcstats.com/event-details/6ca68b636fbc1f18
272,UFC Fight Night: Rockhold vs Bisping," November 07, 2014"," Sydney, New South Wales, Australia",http://ufcstats.com/event-details/371a1c91b24dec2b
273,UFC 179: Aldo vs Mendes 2," October 25, 2014"," Rio de Janeiro, Brazil",http://ufcstats.com/event-details/53f02bbc41d99432
274,UFC Fight Night: MacDonald vs Saffiedine," October 04, 2014"," Halifax, Nova Scotia, Canada",http://ufcstats.com/event-details/0313bf497de9c470
275,UFC Fight Night: Nelson vs Story," October 04, 2014"," Stockholm, Sweden",http://ufcstats.com/event-details/8dc4f34c1f50d00d
276,UFC 178: Johnson vs Cariaso," September 27, 2014"," Las Vegas, Nevada, US",http://ufcstats.com/event-details/3bb030257966b022
277,UFC Fight Night: Hunt vs Nelson," September 20, 2014"," Saitama, Japan",http://ufcstats.com/event-details/2dea80c069847321
278,UFC Fight Night: Bigfoot vs Arlovski," September 13, 2014"," Brasilia, Distrito Federal, Brazil",http://ufcstats.com/event-details/a71feb7ea7592a71
279,UFC Fight Night: Jacare vs Mousasi," September 05, 2014"," Ledyard, Connecticut, US",http://ufcstats.com/event-details/9bcfb40dbcd50568
280,UFC 177: Dillashaw vs Soto," August 30, 2014"," Sacramento, California, US",http://ufcstats.com/event-details/269d103c96a4c3a5
281,UFC Fight Night: Henderson vs Dos Anjos," August 23, 2014"," Tulsa, Oklahoma, US",http://ufcstats.com/event-details/063649e21bc9d6d5
282,UFC Fight Night: Bisping vs Le," August 23, 2014"," Macau, China",http://ufcstats.com/event-details/770b9d4813c25902
283,UFC Fight Night: Bader vs Saint Preux," August 16, 2014"," Bangor, Maine, US",http://ufcstats.com/event-details/fd7acf42bd6e7e95
284,UFC on FOX: Lawler vs Brown," July 26, 2014"," San Jose, California, US",http://ufcstats.com/event-details/05fbfe628658c538
285,UFC Fight Night: McGregor vs Brandao," July 19, 2014"," Dublin, Leinster, Ireland",http://ufcstats.com/event-details/073eee4e62f0d988
286,UFC Fight Night: Cowboy vs Miller," July 16, 2014"," Atlantic City, New Jersey, US",http://ufcstats.com/event-details/79ded75550efc139
287,The Ultimate Fighter: Team Edgar vs. Team Penn Finale," July 06, 2014"," Las Vegas, Nevada, US",http://ufcstats.com/event-details/1c5879330d42255f
288,UFC 175: Weidman vs Machida," July 05, 2014"," Las Vegas, Nevada, US",http://ufcstats.com/event-details/53adf5b845d91e4a
289,UFC Fight Night: Swanson vs Stephens," June 28, 2014"," San Antonio, Texas, US",http://ufcstats.com/event-details/c0ed7b208197e8de
290,UFC Fight Night: Te Huna vs Marquardt," June 28, 2014"," Auckland, New Zealand",http://ufcstats.com/event-details/ac9521250dc1a14c
291,UFC 174: Johnson vs Bagautinov," June 14, 2014"," Vancouver, British Columbia, Canada",http://ufcstats.com/event-details/5b5307450405abf0
292,UFC Fight Night: Henderson vs Khabilov," June 07, 2014"," Albuquerque, New Mexico, US",http://ufcstats.com/event-details/1fcfc3709fe58151
293,UFC Fight Night: Miocic vs Maldonado," May 31, 2014"," Sao Paulo, Brazil",http://ufcstats.com/event-details/59aaf2730b84698a
294,UFC Fight Night: Munoz vs Mousasi," May 31, 2014"," Berlin, Germany",http://ufcstats.com/event-details/b757c73f443d4fca
295,UFC 173: Barao vs Dillashaw," May 24, 2014"," Las Vegas, Nevada, US",http://ufcstats.com/event-details/9ca265dfe8323db3
296,UFC Fight Night: Brown vs Silva," May 10, 2014"," Cincinnati, Ohio, US",http://ufcstats.com/event-details/579fcdfcabd23a7b
297,UFC 172: Jones vs Teixeira," April 26, 2014"," Baltimore, Maryland, US",http://ufcstats.com/event-details/4f2fcbefb668689d
298,UFC on FOX: Werdum vs Browne," April 19, 2014"," Orlando, Florida, US",http://ufcstats.com/event-details/a421465acbe59c77
299,UFC Fight Night: Bisping vs Kennedy," April 16, 2014"," Quebec City, Quebec, Canada",http://ufcstats.com/event-details/f9f07bb5a43535ed
300,UFC Fight Night: Minotauro vs Nelson," April 11, 2014"," Abu Dhabi, United Arab Emirates",http://ufcstats.com/event-details/d632d156c0549e07
301,UFC Fight Night: Shogun vs Henderson 2," March 23, 2014"," Natal, Rio Grande do Norte, Brazil",http://ufcstats.com/event-details/d5f820c11a121050
302,UFC 171: Hendricks vs Lawler," March 15, 2014"," Dallas, Texas, US",http://ufcstats.com/event-details/179f1948dc234f1f
303,UFC Fight Night: Gustafsson vs Manuwa," March 08, 2014"," London, England, United Kingdom",http://ufcstats.com/event-details/ebc1f40e00e0c481
304,UFC Fight Night: Kim vs Hathaway," March 01, 2014"," Macau, China",http://ufcstats.com/event-details/a26198ba5093147e
305,UFC 170: Rousey vs McMann," February 22, 2014"," Las Vegas, Nevada, US",http://ufcstats.com/event-details/3138fab619faf4d1
306,UFC Fight Night: Machida vs Mousasi," February 15, 2014"," Jaragua do Sul, Santa Catarina, Brazil",http://ufcstats.com/event-details/51b0bb73a1da34bc
307,UFC 169: Barao vs Faber 2," February 01, 2014"," Newark, New Jersey, US",http://ufcstats.com/event-details/fc31f896cde2bc2e
308,UFC on FOX: Henderson vs Thomson," January 25, 2014"," Chicago, Illinois, US",http://ufcstats.com/event-details/a8d521d913df4e31
309,UFC Fight Night: Rockhold vs Philippou," January 15, 2014"," Duluth, Georgia, US",http://ufcstats.com/event-details/30a09e43f15f1d75
310,UFC Fight Night: Saffiedine vs Lim," January 04, 2014"," Singapore, Singapore",http://ufcstats.com/event-details/e5c9de15bb58b1c6
311,UFC 168: Weidman vs Silva 2," December 28, 2013"," Las Vegas, Nevada, US",http://ufcstats.com/event-details/83d0de122f2f9664
312,UFC on FOX: Johnson vs. Benavidez 2," December 14, 2013"," Sacramento, California, US",http://ufcstats.com/event-details/480b702debcb5433
313,UFC Fight Night: Hunt vs Bigfoot," December 06, 2013"," Brisbane, Queensland, Australia",http://ufcstats.com/event-details/ee457ef1e1c326c1
314,The Ultimate Fighter: Team Rousey vs. Team Tate Finale," November 30, 2013"," Las Vegas, Nevada, US",http://ufcstats.com/event-details/9a967e8e43dcef63
315,UFC 167: St-Pierre vs Hendricks," November 16, 2013"," Las Vegas, Nevada, US",http://ufcstats.com/event-details/28f3c2258a1d8874
316,UFC Fight Night: Belfort vs Henderson 2," November 09, 2013"," Goiania, Goias, Brazil",http://ufcstats.com/event-details/5d7c18191b8aa432
317,UFC Fight Night: Fight for the Troops 3," November 06, 2013"," Fort Campbell, Kentucky, US",http://ufcstats.com/event-details/35dc6220b113b7ec
318,UFC Fight Night: Machida vs Munoz," October 26, 2013"," Manchester, England, United Kingdom",http://ufcstats.com/event-details/60884f31ead1609c
319,UFC 166: Velasquez vs Dos Santos 3," October 19, 2013"," Houston, Texas, US",http://ufcstats.com/event-details/eae4aec1a5a8ff01
320,UFC Fight Night: Maia vs Shields," October 09, 2013"," Barueri, Sao Paulo, Brazil",http://ufcstats.com/event-details/43612456979e5d5e
321,UFC 165: Jones vs Gustafsson," September 21, 2013"," Toronto, Ontario, Canada",http://ufcstats.com/event-details/df5a77121ba84a5d
322,UFC Fight Night: Teixeira vs Bader," September 04, 2013"," Belo Horizonte, Minas Gerais, Brazil",http://ufcstats.com/event-details/b23fca14c7b79935
323,UFC 164: Henderson vs Pettis 2," August 31, 2013"," Milwaukee, Wisconsin, US",http://ufcstats.com/event-details/980b4e712489098e
324,UFC Fight Night: Condit vs Kampmann 2," August 28, 2013"," Indianapolis, Indiana, US",http://ufcstats.com/event-details/e5c38954c006f15c
325,UFC Fight Night: Shogun vs Sonnen," August 17, 2013"," Boston, Massachusetts, US",http://ufcstats.com/event-details/cf1a88371c8cb690
326,UFC 163: Aldo vs Jung," August 03, 2013"," Rio de Janeiro, Brazil",http://ufcstats.com/event-details/ebc5af72ad5a28cb
327,UFC on FOX: Johnson vs Moraga," July 27, 2013"," Seattle, Washington, US",http://ufcstats.com/event-details/5330fe7e4c3af81c
328,UFC 162: Silva vs Weidman," July 06, 2013"," Las Vegas, Nevada, US",http://ufcstats.com/event-details/e0b74df14f52cd15
329,UFC 161: Evans vs Henderson," June 15, 2013"," Winnipeg, Manitoba, Canada",http://ufcstats.com/event-details/8fd1f27e86661ede
330,UFC on FUEL TV: Nogueira vs. Werdum," June 08, 2013"," Fortaleza, Ceara, Brazil",http://ufcstats.com/event-details/7865707fd684d77b
331,UFC 160: Velasquez vs Silva 2," May 25, 2013"," Las Vegas, Nevada, US",http://ufcstats.com/event-details/3c241737a6069b9f
332,UFC on FX: Belfort vs. Rockhold," May 18, 2013"," Jaragua do Sul, Santa Catarina, Brazil",http://ufcstats.com/event-details/030f08370fd1c2bb
333,UFC 159: Jones vs Sonnen," April 27, 2013"," Newark, New Jersey, US",http://ufcstats.com/event-details/ea0ad155451ed1f5
334,UFC on FOX: Henderson vs Melendez," April 20, 2013"," San Jose, California, US",http://ufcstats.com/event-details/aa79d5399571068e
335,The Ultimate Fighter: Team Jones vs. Team Sonnen Finale," April 13, 2013"," Las Vegas, Nevada, US",http://ufcstats.com/event-details/ce47f49e5c386a9c
336,UFC on FUEL TV: Mousasi vs Latifi," April 06, 2013"," Stockholm, Sweden",http://ufcstats.com/event-details/6291ac0a3726732f
337,UFC 158: St-Pierre vs Diaz," March 16, 2013"," Montreal, Quebec, Canada",http://ufcstats.com/event-details/f1b2a4365799c48b
338,UFC on FUEL TV: Silva vs. Stann," March 02, 2013"," Saitama, Japan",http://ufcstats.com/event-details/83c6c3e0f8bde8ee
339,UFC 157: Rousey vs Carmouche," February 23, 2013"," Anaheim, California, US",http://ufcstats.com/event-details/09c44b317c98bf96
340,UFC on FUEL TV: Barao vs McDonald," February 16, 2013"," London, England, United Kingdom",http://ufcstats.com/event-details/4679a38cced7c64a
341,UFC 156: Aldo vs Edgar," February 02, 2013"," Las Vegas, Nevada, US",http://ufcstats.com/event-details/601cf40c09090853
342,UFC on FOX: Johnson vs Dodson," January 26, 2013"," Chicago, Illinois, US",http://ufcstats.com/event-details/738acab0c6934dd8
343,UFC on FX: Belfort vs Bisping," January 19, 2013"," Sao Paulo, Brazil",http://ufcstats.com/event-details/56f4b81ec4db61af
344,UFC 155: Dos Santos vs Velasquez II," December 29, 2012"," Las Vegas, Nevada, US",http://ufcstats.com/event-details/c6e6926a81adcd00
345,The Ultimate Fighter: Team Carwin vs. Team Nelson Finale," December 15, 2012"," Las Vegas, Nevada, US",http://ufcstats.com/event-details/c6da1c24fe473418
346,UFC on FX: Sotiropoulos vs Pearson," December 14, 2012"," Gold Coast, Queensland, Australia",http://ufcstats.com/event-details/e8c170a64dc920ac
347,UFC on FOX: Henderson vs Diaz," December 08, 2012"," Seattle, Washington, US",http://ufcstats.com/event-details/d1e6a6536ee62517
348,UFC 154: St-Pierre vs Condit," November 17, 2012"," Montreal, Quebec, Canada",http://ufcstats.com/event-details/d41937647eae9a34
349,UFC Macao: Franklin vs Le," November 10, 2012"," Macau, China",http://ufcstats.com/event-details/319fa1bd3176bded
350,UFC 153: Silva vs Bonnar," October 13, 2012"," Rio de Janeiro, Brazil",http://ufcstats.com/event-details/96d173b7f92aa520
351,UFC on FX: Browne vs Bigfoot," October 05, 2012"," Minneapolis, Minnesota, US",http://ufcstats.com/event-details/6a0b80a24f22e152
352,UFC on FUEL TV: Struve vs Miocic," September 29, 2012"," Nottingham, England, United Kingdom",http://ufcstats.com/event-details/6cbb7661c3258617
353,UFC 152: Jones vs Belfort," September 22, 2012"," Toronto, Ontario, Canada",http://ufcstats.com/event-details/53e533db1b8e9712
354,UFC 150: Henderson vs Edgar II," August 11, 2012"," Denver, Colorado, US",http://ufcstats.com/event-details/3c48019bc387b80c
355,UFC on FOX: Shogun vs Vera," August 04, 2012"," Los Angeles, California, US",http://ufcstats.com/event-details/f62850b3c7480db9
356,UFC 149: Faber vs Barao," July 21, 2012"," Calgary, Alberta, Canada",http://ufcstats.com/event-details/abbc4fc02e0d84b3
357,UFC on FUEL TV: Munoz vs Weidman," July 11, 2012"," San Jose, California, US",http://ufcstats.com/event-details/d3b5ad3b15a64a18
358,UFC 148: Silva vs Sonnen 2," July 07, 2012"," Las Vegas, Nevada, US",http://ufcstats.com/event-details/e8efeb9cf33b1941
359,UFC 147: Silva vs Franklin 2," June 23, 2012"," Belo Horizonte, Minas Gerais, Brazil",http://ufcstats.com/event-details/3da19339ee7051d5
360,UFC on FX: Maynard vs Guida," June 22, 2012"," Atlantic City, New Jersey, US",http://ufcstats.com/event-details/505934897b8b4824
361,UFC on FX: Johnson vs McCall," June 08, 2012"," Sunrise, Florida, US",http://ufcstats.com/event-details/49590e0508b2c19f
362,The Ultimate Fighter: Live Finale," June 01, 2012"," Las Vegas, Nevada, US",http://ufcstats.com/event-details/96087e90d900f0ef
363,UFC 146: Dos Santos vs Mir," May 26, 2012"," Las Vegas, Nevada, US",http://ufcstats.com/event-details/4985113c0928aa62
364,UFC on FUEL TV: Korean Zombie vs Poirier," May 15, 2012"," Fairfax, Virginia, US",http://ufcstats.com/event-details/8caca5857ce0e30b
365,UFC on FOX: Diaz vs Miller," May 05, 2012"," East Rutherford, New Jersey, US",http://ufcstats.com/event-details/5898357a45a73674
366,UFC 145: Jones vs Evans," April 21, 2012"," Atlanta, Georgia, US",http://ufcstats.com/event-details/155bfc7ed36622df
367,UFC on FUEL TV: Gustafsson vs Silva," April 14, 2012"," Stockholm, Sweden",http://ufcstats.com/event-details/21f2974fd08085e3
368,UFC on FX: Alves vs Kampmann," March 02, 2012"," Sydney, New South Wales, Australia",http://ufcstats.com/event-details/b5ea750025697880
369,UFC 144: Edgar vs Henderson," February 25, 2012"," Saitama, Japan",http://ufcstats.com/event-details/8377c5572cb356f3
370,UFC on FUEL TV: Sanchez vs Ellenberger," February 15, 2012"," Omaha, Nebraska, US",http://ufcstats.com/event-details/0a97691039c4bbfb
371,UFC 143: Diaz vs Condit," February 04, 2012"," Las Vegas, Nevada, US",http://ufcstats.com/event-details/df2cf66d8c0123db
372,UFC on FOX: Evans vs Davis," January 28, 2012"," Chicago, Illinois, US",http://ufcstats.com/event-details/c3c23c99477c041b
373,UFC on FX: Guillard vs Miller," January 20, 2012"," Nashville, Tennessee, US",http://ufcstats.com/event-details/4d74641fac830182
374,UFC 142: Aldo vs Mendes," January 14, 2012"," Rio de Janeiro, Brazil",http://ufcstats.com/event-details/18524b46c570730b
375,UFC 141: Lesnar vs Overeem," December 30, 2011"," Las Vegas, Nevada, US",http://ufcstats.com/event-details/91720876db0ee468
376,UFC 140: Jones vs Machida," December 10, 2011"," Toronto, Ontario, Canada",http://ufcstats.com/event-details/6d7886b094b471ac
377,The Ultimate Fighter: Team Bisping vs Team Miller Finale," December 03, 2011"," Las Vegas, Nevada, US",http://ufcstats.com/event-details/1f5f75658551f2d3
378,UFC 139: Shogun vs Henderson," November 19, 2011"," San Jose, California, US",http://ufcstats.com/event-details/0ec821423baa26bd
379,UFC on FOX: Velasquez vs Dos Santos," November 12, 2011"," Anaheim, California, US",http://ufcstats.com/event-details/1c061eb6e29eaa0a
380,UFC 138: Leben vs Munoz," November 05, 2011"," Birmingham, England, United Kingdom",http://ufcstats.com/event-details/e780ccc79a209985
381,UFC 137: Penn vs Diaz," October 29, 2011"," Las Vegas, Nevada, US",http://ufcstats.com/event-details/8788beb528894f33
382,UFC 136: Edgar vs Maynard 3," October 08, 2011"," Houston, Texas, US",http://ufcstats.com/event-details/7d5b12de1625984e
383,UFC Live: Cruz vs Johnson," October 01, 2011"," Washington, DC, US",http://ufcstats.com/event-details/44f9c777fed7ca03
384,UFC 135: Jones vs Rampage," September 24, 2011"," Denver, Colorado, US",http://ufcstats.com/event-details/73ef22f25d0f70e2
385,UFC Fight Night: Shields vs Ellenberger," September 17, 2011"," New Orleans, Louisiana, US",http://ufcstats.com/event-details/1ffc38f67785797b
386,UFC 134: Silva vs Okami," August 27, 2011"," Rio de Janeiro, Brazil",http://ufcstats.com/event-details/18968f97ad34f15c
387,UFC Live: Hardy vs Lytle," August 14, 2011"," Milwaukee, Wisconsin, US",http://ufcstats.com/event-details/4c8d6fde2dde07c4
388,UFC 133: Evans vs Ortiz 2," August 06, 2011"," Philadelphia, Pennsylvania, US",http://ufcstats.com/event-details/f1f9e48a0d150757
389,UFC 132: Cruz vs Faber," July 02, 2011"," Las Vegas, Nevada, US",http://ufcstats.com/event-details/83fd97284f4bb4a4
390,UFC Live: Kongo vs Barry," June 26, 2011"," Pittsburgh, Pennsylvania, US",http://ufcstats.com/event-details/d023ae89a2a4a41e
391,UFC 131: Dos Santos vs Carwin," June 11, 2011"," Vancouver, British Columbia, Canada",http://ufcstats.com/event-details/aac5ac38148f0528
392,The Ultimate Fighter: Team Lesnar vs Team dos Santos Finale," June 04, 2011"," Las Vegas, Nevada, US",http://ufcstats.com/event-details/3ba3b5cc94498437
393,UFC 130: Rampage vs Hamill," May 28, 2011"," Las Vegas, Nevada, US",http://ufcstats.com/event-details/b732b326c362fb62
394,UFC 129: St-Pierre vs Shields," April 30, 2011"," Toronto, Ontario, Canada",http://ufcstats.com/event-details/2db7fa8db6bc9632
395,UFC Fight Night: Nogueira vs Davis," March 26, 2011"," Seattle, Washington, US",http://ufcstats.com/event-details/8a59d346dc976a10
396,UFC 128: Shogun vs Jones," March 19, 2011"," Newark, New Jersey, US",http://ufcstats.com/event-details/1411c630ba711b64
397,UFC Live: Sanchez vs Kampmann," March 03, 2011"," Louisville, Kentucky, US",http://ufcstats.com/event-details/a54fc2d6fc224dc3
398,UFC 127: Penn vs Fitch," February 26, 2011"," Sydney, New South Wales, Australia",http://ufcstats.com/event-details/88a9bc81271ccd89
399,UFC 126: Silva vs Belfort," February 05, 2011"," Las Vegas, Nevada, US",http://ufcstats.com/event-details/65ddc8a9ac4e8531
400,UFC Fight Night: Fight for the Troops 2," January 22, 2011"," Killeen, Texas, US",http://ufcstats.com/event-details/282fa667ff9c51ed
401,UFC 125: Resolution," January 01, 2011"," Las Vegas, Nevada, US",http://ufcstats.com/event-details/d1152823307d7e7c
402,UFC 124: St-Pierre vs Koscheck 2," December 11, 2010"," Montreal, Quebec, Canada",http://ufcstats.com/event-details/132f860d02953f4c
403,The Ultimate Fighter: Team GSP vs Team Koscheck Finale," December 04, 2010"," Las Vegas, Nevada, US",http://ufcstats.com/event-details/5d7bdab5e03e3216
404,UFC 123: Rampage vs Machida," November 20, 2010"," Auburn Hills, Michigan, US",http://ufcstats.com/event-details/dd992d569aaebee6
405,UFC 122: Marquardt vs Okami," November 13, 2010"," Oberhausen, North Rhine-Westphalia, Germany",http://ufcstats.com/event-details/0ff11cc094e887bc
406,UFC 121: Lesnar vs Velasquez," October 23, 2010"," Anaheim, California, US",http://ufcstats.com/event-details/afdb76fbd86f6d11
407,UFC 120: Bisping vs Akiyama," October 16, 2010"," London, England, United Kingdom",http://ufcstats.com/event-details/d512d9f204059f57
408,UFC 119: Mir vs Cro Cop," September 25, 2010"," Indianapolis, Indiana, US",http://ufcstats.com/event-details/ad32471f01e7b1a5
409,UFC Fight Night: Marquardt vs Palhares," September 15, 2010"," Austin, Texas, US",http://ufcstats.com/event-details/acff437707625fc7
410,UFC 118: Edgar vs Penn 2," August 28, 2010"," Boston, Massachusetts, US",http://ufcstats.com/event-details/054defd5420a551f
411,UFC 117: Silva vs Sonnen," August 07, 2010"," Oakland, California, US",http://ufcstats.com/event-details/2f3f12002564bb55
412,UFC Live: Jones vs Matyushenko," August 01, 2010"," San Diego, California, US",http://ufcstats.com/event-details/f12f979b657ab876
413,UFC 116: Lesnar vs Carwin," July 03, 2010"," Las Vegas, Nevada, US",http://ufcstats.com/event-details/140745cbbcb023ac
414,The Ultimate Fighter: Team Liddell vs Team Ortiz Finale," June 19, 2010"," Las Vegas, Nevada, US",http://ufcstats.com/event-details/9bcf8603ceb25680
415,UFC 115: Liddell vs Franklin," June 12, 2010"," Vancouver, British Columbia, Canada",http://ufcstats.com/event-details/cfb65863d5099327
416,UFC 114: Rampage vs Evans," May 29, 2010"," Las Vegas, Nevada, US",http://ufcstats.com/event-details/bfc2fc38a0e20211
417,UFC 113: Machida vs Shogun 2," May 08, 2010"," Montreal, Quebec, Canada",http://ufcstats.com/event-details/d0c29452d3272603
418,UFC 112: Invincible," April 10, 2010"," Abu Dhabi, United Arab Emirates",http://ufcstats.com/event-details/24b033b3daf1c9df
419,UFC Fight Night: Florian vs Gomi," March 31, 2010"," Charlotte, North Carolina, US",http://ufcstats.com/event-details/3ed134d85dfbd7b4
420,UFC 111: St-Pierre vs Hardy," March 27, 2010"," Newark, New Jersey, US",http://ufcstats.com/event-details/c80095f6092271a7
421,UFC Live: Vera vs Jones," March 21, 2010"," Broomfield, Colorado, US",http://ufcstats.com/event-details/3795fca327cbcf23
422,UFC 110: Nogueira vs Velasquez," February 20, 2010"," Sydney, New South Wales, Australia",http://ufcstats.com/event-details/49efbdc6c9f650c4
423,UFC 109: Relentless," February 06, 2010"," Las Vegas, Nevada, US",http://ufcstats.com/event-details/15edcf67ccf5be84
424,UFC Fight Night: Maynard vs Diaz," January 11, 2010"," Fairfax, Virginia, US",http://ufcstats.com/event-details/58bc81376286b3d3
425,UFC 108: Evans vs Silva," January 02, 2010"," Las Vegas, Nevada, US",http://ufcstats.com/event-details/a6d8bfe9e0c8153b
426,UFC 107: Penn vs Sanchez," December 12, 2009"," Memphis, Tennessee, US",http://ufcstats.com/event-details/821cd80aab70d5f9
427,The Ultimate Fighter: Heavyweights Finale," December 05, 2009"," Las Vegas, Nevada, US",http://ufcstats.com/event-details/91d73ee59347ac16
428,UFC 106: Ortiz vs Griffin 2," November 21, 2009"," Las Vegas, Nevada, US",http://ufcstats.com/event-details/84a067c46306a737
429,UFC 105: Couture vs Vera," November 14, 2009"," Manchester, England, United Kingdom",http://ufcstats.com/event-details/fa8b9e6b0c2269f8
430,UFC 104: Machida vs Shogun," October 24, 2009"," Los Angeles, California, US",http://ufcstats.com/event-details/7c0847d3854a95f2
431,UFC 103: Franklin vs Belfort," September 19, 2009"," Dallas, Texas, US",http://ufcstats.com/event-details/896c322f56b8be5a
432,UFC Fight Night: Diaz vs Guillard," September 16, 2009"," Oklahoma City, Oklahoma, US",http://ufcstats.com/event-details/a8ea84cbe1655f0a
433,UFC 102: Couture vs Nogueira," August 29, 2009"," Portland, Oregon, US",http://ufcstats.com/event-details/c6a33ff198aaaeeb
434,UFC 101: Declaration," August 08, 2009"," Philadelphia, Pennsylvania, US",http://ufcstats.com/event-details/48d1f690b763934c
435,UFC 100," July 11, 2009"," Las Vegas, Nevada, US",http://ufcstats.com/event-details/0ee783aa00e468f0
436,The Ultimate Fighter: United States vs. United Kingdom Finale," June 20, 2009"," Las Vegas, Nevada, US",http://ufcstats.com/event-details/4908c5ee68a50ee5
437,UFC 99: The Comeback," June 13, 2009"," Cologne, North Rhine-Westphalia, Germany",http://ufcstats.com/event-details/cb6783c39c01d896
438,UFC 98: Evans vs Machida," May 23, 2009"," Las Vegas, Nevada, US",http://ufcstats.com/event-details/c4b6099f0d25f75e
439,UFC 97: Redemption," April 18, 2009"," Montreal, Quebec, Canada",http://ufcstats.com/event-details/1652f3213655b935
440,UFC Fight Night: Condit vs Kampmann," April 01, 2009"," Nashville, Tennessee, US",http://ufcstats.com/event-details/04d5718ed2661e8c
441,UFC 96: Jackson vs Jardine," March 07, 2009"," Columbus, Ohio, US",http://ufcstats.com/event-details/29b5791e51e7e832
442,UFC 95: Sanchez vs Stevenson," February 21, 2009"," London, England, United Kingdom",http://ufcstats.com/event-details/7d21de9c6d7c98b2
443,UFC Fight Night: Lauzon vs Stephens," February 07, 2009"," Tampa, Florida, US",http://ufcstats.com/event-details/d1759b2b7be9be56
444,UFC 94: St-Pierre vs Penn 2," January 31, 2009"," Las Vegas, Nevada, US",http://ufcstats.com/event-details/2a542ee8a8b83559
445,UFC 93: Franklin vs Henderson," January 17, 2009"," Dublin, Leinster, Ireland",http://ufcstats.com/event-details/68c6cd5287b473a7
446,UFC 92: The Ultimate 2008," December 27, 2008"," Las Vegas, Nevada, US",http://ufcstats.com/event-details/23ab42947c1990e3
447,The Ultimate Fighter: Team Nogueira vs. Team Mir Finale," December 13, 2008"," Las Vegas, Nevada, US",http://ufcstats.com/event-details/ea398c802d9998ee
448,UFC Fight Night - Fight for the Troops," December 10, 2008"," Fayetteville, North Carolina, US",http://ufcstats.com/event-details/30cd319d39ee689b
449,UFC 91: Couture vs Lesnar," November 15, 2008"," Las Vegas, Nevada, US",http://ufcstats.com/event-details/a2b06ca02bca14c0
450,UFC 90: Silva vs Cote," October 25, 2008"," Rosemont, Illinois, US",http://ufcstats.com/event-details/c670aa48827d6be6
451,UFC 89: Bisping vs Leben," October 18, 2008"," Birmingham, England, United Kingdom",http://ufcstats.com/event-details/312f47c3d2f83ffa
452,UFC Fight Night: Diaz vs Neer," September 17, 2008"," Omaha, Nebraska, US",http://ufcstats.com/event-details/279093302a6f44b3
453,UFC 88: Breakthrough," September 06, 2008"," Atlanta, Georgia, US",http://ufcstats.com/event-details/0db70ca89e1c7374
454,UFC 87: Seek And Destroy," August 09, 2008"," Minneapolis, Minnesota, US",http://ufcstats.com/event-details/19ffeb5e3fffd6d5
455,UFC: Silva vs Irvin," July 19, 2008"," Las Vegas, Nevada, US",http://ufcstats.com/event-details/46f11d15c0134fe3
456,UFC 86: Jackson vs Griffin," July 05, 2008"," Las Vegas, Nevada, US",http://ufcstats.com/event-details/bf12aca029bfcc47
457,The Ultimate Fighter: Team Rampage vs Team Forrest Finale," June 21, 2008"," Las Vegas, Nevada, US",http://ufcstats.com/event-details/2299605af59fd309
458,UFC 85: Bedlam," June 07, 2008"," London, England, United Kingdom",http://ufcstats.com/event-details/2efbc83a6b9b7f86
459,UFC 84: Ill Will," May 24, 2008"," Las Vegas, Nevada, US",http://ufcstats.com/event-details/2549d63da9c456cb
460,UFC 83: Serra vs St-Pierre 2," April 19, 2008"," Montreal, Quebec, Canada",http://ufcstats.com/event-details/ad047e3073a775f3
461,UFC Fight Night: Florian vs Lauzon," April 02, 2008"," Broomfield, Colorado, US",http://ufcstats.com/event-details/b9e871af730f826c
462,UFC 82: Pride of a Champion," March 01, 2008"," Columbus, Ohio, US",http://ufcstats.com/event-details/598a58db87b890ee
463,UFC 81: Breaking Point," February 02, 2008"," Las Vegas, Nevada, US",http://ufcstats.com/event-details/597db668b01c442c
464,UFC Fight Night: Swick vs Burkman," January 23, 2008"," Las Vegas, Nevada, US",http://ufcstats.com/event-details/33e33d51f289d2a1
465,UFC 80: Rapid Fire," January 19, 2008"," Newcastle, England, United Kingdom",http://ufcstats.com/event-details/a24e080000fa7a35
466,UFC 79: Nemesis," December 29, 2007"," Las Vegas, Nevada, US",http://ufcstats.com/event-details/7269329bd87eb479
467,The Ultimate Fighter: Team Hughes vs. Team Serra Finale," December 08, 2007"," Las Vegas, Nevada, US",http://ufcstats.com/event-details/df85d6ec3493d120
468,UFC 78: Validation," November 17, 2007"," Newark, New Jersey, US",http://ufcstats.com/event-details/1d147d4163a6989b
469,UFC 77: Hostile Territory," October 20, 2007"," Cincinnati, Ohio, US",http://ufcstats.com/event-details/91181b29be041f1c
470,UFC 76: Knockout," September 22, 2007"," Anaheim, California, US",http://ufcstats.com/event-details/bad28b7b34f334de
471,UFC Fight Night: Thomas vs Florian," September 19, 2007"," Las Vegas, Nevada, US",http://ufcstats.com/event-details/f341f9551ba744e2
472,UFC 75: Champion vs Champion," September 08, 2007"," London, England, United Kingdom",http://ufcstats.com/event-details/0aa92558424ced9e
473,UFC 74: Respect," August 25, 2007"," Las Vegas, Nevada, US",http://ufcstats.com/event-details/a5c53b3ddb31cc7d
474,UFC 73: Stacked," July 07, 2007"," Sacramento, California, US",http://ufcstats.com/event-details/2a6f8136da1e52c0
475,The Ultimate Fighter: Team Pulver vs. Team Penn Finale," June 23, 2007"," Las Vegas, Nevada, US",http://ufcstats.com/event-details/e7ec11096eac0282
476,UFC 72: Victory," June 16, 2007"," Belfast, Northern Ireland, United Kingdom",http://ufcstats.com/event-details/5ca158b1cc9cb242
477,UFC Fight Night: Stout vs Fisher," June 12, 2007"," Hollywood, Florida, US",http://ufcstats.com/event-details/304fcd812f12c589
478,UFC 71: Liddell vs Jackson," May 26, 2007"," Las Vegas, Nevada, US",http://ufcstats.com/event-details/2e04a3b4a2011b97
479,UFC 70: Nations Collide," April 21, 2007"," Manchester, England, United Kingdom",http://ufcstats.com/event-details/4604ab1de9058474
480,UFC 69: Shootout," April 07, 2007"," Houston, Texas, US",http://ufcstats.com/event-details/c1684f00c626f4c0
481,UFC Fight Night: Stevenson vs Guillard," April 05, 2007"," Las Vegas, Nevada, US",http://ufcstats.com/event-details/a6c2f5381d575920
482,UFC 68: The Uprising," March 03, 2007"," Columbus, Ohio, US",http://ufcstats.com/event-details/de3ed2e152520c8d
483,UFC 67: All or Nothing," February 03, 2007"," Las Vegas, Nevada, US",http://ufcstats.com/event-details/63b65af1c5cb02cb
484,UFC Fight Night: Evans vs Salmon," January 25, 2007"," Hollywood, Florida, US",http://ufcstats.com/event-details/13c4313ed0f744f3
485,UFC 66: Liddell vs Ortiz 2," December 30, 2006"," Las Vegas, Nevada, US",http://ufcstats.com/event-details/ee5df903f80c6816
486,UFC Fight Night: Sanchez vs Riggs," December 13, 2006"," San Diego, California, US",http://ufcstats.com/event-details/21b8a0f5c231096f
487,UFC 65: Bad Intentions," November 18, 2006"," Sacramento, California, US",http://ufcstats.com/event-details/3fed746acfd026dd
488,The Ultimate Fighter: The Comeback Finale," November 11, 2006"," Las Vegas, Nevada, US",http://ufcstats.com/event-details/baf942f4bcb09894
489,UFC 64: Unstoppable," October 14, 2006"," Las Vegas, Nevada, US",http://ufcstats.com/event-details/13b2f59210dda9cc
490,Ortiz vs Shamrock 3: The Final Chapter," October 10, 2006"," Hollywood, Florida, US",http://ufcstats.com/event-details/577ec7e108b94be3
491,UFC 63: Hughes vs Penn," September 23, 2006"," Anaheim, California, US",http://ufcstats.com/event-details/13e62d766b709aa6
492,UFC 62: Liddell vs Sobral," August 26, 2006"," Las Vegas, Nevada, US",http://ufcstats.com/event-details/f717b6002486f73f
493,UFC Fight Night 6," August 17, 2006"," Las Vegas, Nevada, US",http://ufcstats.com/event-details/46c8ec317aff28ac
494,UFC 61: Bitter Rivals," July 08, 2006"," Las Vegas, Nevada, US",http://ufcstats.com/event-details/f70144caea5c4c80
495,UFC Fight Night 5," June 28, 2006"," Las Vegas, Nevada, US",http://ufcstats.com/event-details/445a98acb8985970
496,The Ultimate Fighter: Team Ortiz vs. Team Shamrock Finale," June 24, 2006"," Las Vegas, Nevada, US",http://ufcstats.com/event-details/1dab0d1d81dd06db
497,UFC 60: Hughes vs Gracie," May 27, 2006"," Los Angeles, California, US",http://ufcstats.com/event-details/a54a35a670d8e852
498,UFC 59: Reality Check," April 15, 2006"," Anaheim, California, US",http://ufcstats.com/event-details/03688dc3c3af3ac1
499,UFC Fight Night 4," April 06, 2006"," Las Vegas, Nevada, US",http://ufcstats.com/event-details/b361180739bed4b0
500,UFC 58: USA vs Canada," March 04, 2006"," Las Vegas, Nevada, US",http://ufcstats.com/event-details/0e9869d712e81f8f
501,UFC 57: Liddell vs Couture 3," February 04, 2006"," Las Vegas, Nevada, US",http://ufcstats.com/event-details/977081bc01197656
502,UFC Fight Night 3," January 16, 2006"," Las Vegas, Nevada, US",http://ufcstats.com/event-details/2ee09ec2a0695eb9
503,UFC 56: Full Force," November 19, 2005"," Las Vegas, Nevada, US",http://ufcstats.com/event-details/c7e9d15cfce52f1d
504,The Ultimate Fighter: Team Hughes vs. Team Franklin Finale," November 05, 2005"," Las Vegas, Nevada, US",http://ufcstats.com/event-details/31ceaf0e670c1578
505,UFC 55: Fury," October 07, 2005"," Uncasville, Connecticut, US",http://ufcstats.com/event-details/271fe91f4ba9d2c5
506,UFC Fight Night 2," October 03, 2005"," Las Vegas, Nevada, US",http://ufcstats.com/event-details/efaf544314bb5c2e
507,UFC 54: Boiling Point," August 20, 2005"," Las Vegas, Nevada, US",http://ufcstats.com/event-details/669a3cb6e394f515
508,UFC Fight Night 1," August 06, 2005"," Las Vegas, Nevada, US",http://ufcstats.com/event-details/3f24c96753dbd9f9
509,UFC 53: Heavy Hitters," June 04, 2005"," Atlantic City, New Jersey, US",http://ufcstats.com/event-details/d3711d3784b76255
510,UFC 52: Couture vs Liddell 2," April 16, 2005"," Las Vegas, Nevada, US",http://ufcstats.com/event-details/c933d423ebdbbbdb
511,The Ultimate Fighter: Team Couture vs. Team Liddell Finale," April 09, 2005"," Las Vegas, Nevada, US",http://ufcstats.com/event-details/fbbde91f7bc2d3c5
512,UFC 51: Super Saturday," February 05, 2005"," Las Vegas, Nevada, US",http://ufcstats.com/event-details/85d905f7c4f5a1af
513,UFC 50: The War Of '04," October 22, 2004"," Atlantic City, New Jersey, US",http://ufcstats.com/event-details/ce783bf73b5131f9
514,UFC 49: Unfinished Business," August 21, 2004"," Las Vegas, Nevada, US",http://ufcstats.com/event-details/b4bc2e3353a770b5
515,UFC 48: Payback," June 19, 2004"," Las Vegas, Nevada, US",http://ufcstats.com/event-details/429e7d3725852ce9
516,UFC 47: It's On!," April 02, 2004"," Las Vegas, Nevada, US",http://ufcstats.com/event-details/e8fb8e53bc2e29d6
517,UFC 46: Supernatural," January 31, 2004"," Las Vegas, Nevada, US",http://ufcstats.com/event-details/94609dd91731d428
518,UFC 45: Revolution," November 21, 2003"," Uncasville, Connecticut, US",http://ufcstats.com/event-details/e670f8cc2969a789
519,UFC 44: Undisputed," September 26, 2003"," Las Vegas, Nevada, US",http://ufcstats.com/event-details/c61f66d8c3fd5f07
520,UFC 43: Meltdown," June 06, 2003"," Las Vegas, Nevada, US",http://ufcstats.com/event-details/108afe61a26bcbf4
521,UFC 42: Sudden Impact," April 25, 2003"," Miami, Florida, US",http://ufcstats.com/event-details/ae58685caf8e4a0d
522,UFC 41: Onslaught," February 28, 2003"," Atlantic City, New Jersey, US",http://ufcstats.com/event-details/bba678d312590087
523,UFC 40: Vendetta," November 22, 2002"," Las Vegas, Nevada, US",http://ufcstats.com/event-details/e06fd1260ac865a7
524,UFC 39: The Warriors Return," September 27, 2002"," Uncasville, Connecticut, US",http://ufcstats.com/event-details/0cf935519d439ba6
525,UFC 38: Brawl at the Hall," July 13, 2002"," London, England, United Kingdom",http://ufcstats.com/event-details/1dc56b59cb28425d
526,UFC 37.5: As Real As It Gets," June 22, 2002"," Las Vegas, Nevada, US",http://ufcstats.com/event-details/9ccdd2ce45903f34
527,UFC 37: High Impact," May 10, 2002"," Bossier City, Louisiana, US",http://ufcstats.com/event-details/9fd1f08dd4aec14a
528,UFC 36: Worlds Collide," March 22, 2002"," Las Vegas, Nevada, US",http://ufcstats.com/event-details/02fc8f50f56eb307
529,UFC 35: Throwdown," January 11, 2002"," Uncasville, Connecticut, US",http://ufcstats.com/event-details/946f341df6472ee0
530,UFC 34: High Voltage," November 02, 2001"," Las Vegas, Nevada, US",http://ufcstats.com/event-details/4dc496aa0cfc0d95
531,UFC 33: Victory in Vegas," September 28, 2001"," Las Vegas, Nevada, US",http://ufcstats.com/event-details/c75b99887c8c3f5a
532,UFC 32: Showdown in the Meadowlands," June 29, 2001"," East Rutherford, New Jersey, US",http://ufcstats.com/event-details/7b9aa973e5c04624
533,UFC 31: Locked and Loaded," May 04, 2001"," Atlantic City, New Jersey, US",http://ufcstats.com/event-details/20bd6c3e03c46ee6
534,UFC 30: Battle on the Boardwalk," February 23, 2001"," Atlantic City, New Jersey, US",http://ufcstats.com/event-details/2b1587a3376ab743
535,UFC 29: Defense of the Belts," December 16, 2000"," Tokyo, Japan",http://ufcstats.com/event-details/08ae5cd9aef7ddd3
536,UFC 28: High Stakes," November 17, 2000"," Atlantic City, New Jersey, US",http://ufcstats.com/event-details/da6dfd09cca1d705
537,UFC 27: Ultimate Bad Boyz," September 22, 2000"," New Orleans, Louisiana, US",http://ufcstats.com/event-details/31652c9267606d54
538,UFC 26: Ultimate Field Of Dreams," June 09, 2000"," Cedar Rapids, Iowa, US",http://ufcstats.com/event-details/cedfdf8d423d500c
539,UFC 25: Ultimate Japan 3," April 14, 2000"," Tokyo, Japan",http://ufcstats.com/event-details/d2b1c1317a39f6c6
540,UFC 24: First Defense," March 10, 2000"," Lake Charles, Louisiana, US",http://ufcstats.com/event-details/20ec0061400178ca
541,UFC 23: Ultimate Japan 2," November 19, 1999"," Chiba, Japan",http://ufcstats.com/event-details/a8fa0c4e95512806
542,UFC 22: Only One Can be Champion," September 24, 1999"," Lake Charles, Louisiana, US",http://ufcstats.com/event-details/afaad7d6a581e307
543,UFC 21: Return of the Champions," July 16, 1999"," Cedar Rapids, Iowa, US",http://ufcstats.com/event-details/1a1a4d7a29041d77
544,UFC 20: Battle for the Gold," May 07, 1999"," Birmingham, Alabama, US",http://ufcstats.com/event-details/a7b48e18ca27795d
545,UFC 19: Ultimate Young Guns," March 05, 1999"," Bay St. Louis, Mississippi, US",http://ufcstats.com/event-details/a220be6d41d6f97d
546,UFC 18: The Road to the Heavyweight Title," January 08, 1999"," New Orleans, Louisiana, US",http://ufcstats.com/event-details/c9bbf1a0285a8076
547,UFC - Ultimate Brazil," October 16, 1998"," Sao Paulo, Brazil",http://ufcstats.com/event-details/32a3025d5db456ae
548,UFC 17: Redemption," May 15, 1998"," Mobile, Alabama, US",http://ufcstats.com/event-details/4a01dc8376736ef5
549,UFC 16: Battle in the Bayou," March 13, 1998"," New Orleans, Louisiana, US",http://ufcstats.com/event-details/749685d24e2cac50
550,UFC - Ultimate Japan," December 21, 1997"," Yokohama, Kanagawa, Japan",http://ufcstats.com/event-details/29f935654825331b
551,UFC 15: Collision Course," October 17, 1997"," Bay St. Louis, Mississippi, US",http://ufcstats.com/event-details/07a18ae55dfc3cd9
552,UFC 14: Showdown," July 27, 1997"," Birmingham, Alabama, US",http://ufcstats.com/event-details/dc950d59dc590aca
553,UFC 13: The Ultimate Force," May 30, 1997"," Augusta, Georgia, US",http://ufcstats.com/event-details/5bd533d50c8e7b8a
554,UFC 12: Judgement Day," February 07, 1997"," Dothan, Alabama, US",http://ufcstats.com/event-details/96eff1a628adcc7f
555,UFC - Ultimate Ultimate '96," December 07, 1996"," Birmingham, Alabama, US",http://ufcstats.com/event-details/9b5b5a75523728f3
556,UFC 11: The Proving Ground," September 20, 1996"," Augusta, Georgia, US",http://ufcstats.com/event-details/6ceff86fae4f6b3b
557,UFC 10: The Tournament," July 12, 1996"," Birmingham, Alabama, US",http://ufcstats.com/event-details/aee8eecfc4bfb1e7
558,UFC 9: Motor City Madness," May 17, 1996"," Detroit, Michigan, US",http://ufcstats.com/event-details/a390eb8a9b2df298
559,UFC 8: David vs Goliath," February 16, 1996"," San Juan, Puerto Rico",http://ufcstats.com/event-details/b63e800c18e011b5
560,UFC - Ultimate Ultimate '95," December 16, 1995"," Denver, Colorado, US",http://ufcstats.com/event-details/31bbd46d57dfbcb7
561,UFC 7: The Brawl in Buffalo," September 08, 1995"," Buffalo, New York, US",http://ufcstats.com/event-details/5af480a3b2e1726b
562,UFC 6: Clash of the Titans," July 14, 1995"," Casper, Wyoming, US",http://ufcstats.com/event-details/1c3f5e85b59ec710
563,UFC 5: The Return of the Beast," April 07, 1995"," Charlotte, North Carolina, US",http://ufcstats.com/event-details/dedc3bb440d09554
564,UFC 4: Revenge of the Warriors," December 16, 1994"," Tulsa, Oklahoma, US",http://ufcstats.com/event-details/b60391da771deefe
565,UFC 3: The American Dream," September 09, 1994"," Charlotte, North Carolina, US",http://ufcstats.com/event-details/1a49e0670dfaca31
566,UFC 2: No Way Out," March 11, 1994"," Denver, Colorado, US",http://ufcstats.com/event-details/a6a9ab5a824e8f66
